,activity_name,description,url,image,image2,available_days,available_times,duration,latitude,longitude,address,price,currency,category
0,Free tour por el Barrio Latino,"En este free tour por el Barrio Latino descubriremos un icónico distrito de París, famoso por su ambiente bohemio y estudiantil. ¡No os lo podéis perder!",www.civitatis.com/es/paris/visita-guiada-barrio-latino/,"www.civitatis.comdata:image/gif;base64,R0lGODlhAQABAAAAACH5BAEKAAEALAAAAAABAAEAAAICTAEAOw==",www.civitatis.com/f/francia/paris/visita-guiada-barrio-latino-list.jpg,"['10', '11', '09', '12']","[['10:30', '15:30'], ['10:30', '15:30'], ['10:30', '15:30'], ['10:30', '15:30']]",2h 15m -2h 30m,48.8532095,2.3435221,"9, Place Saint-Michel, Quartier de la Monnaie, Paris 6e Arrondissement, Paris, Île-de-France, France métropolitaine, 75006, France",2.5,EUR,Español
1,Tour privado por París,"Montmartre, Notre Dame o los Campos Elíseos son algunos de los lugares que podréis recorrer en este tour privado por París. ¡Una ruta en exclusiva!",www.civitatis.com/es/paris/tour-privado-paris/,"www.civitatis.comdata:image/gif;base64,R0lGODlhAQABAAAAACH5BAEKAAEALAAAAAABAAEAAAICTAEAOw==",www.civitatis.com/f/francia/paris/tour-privado-paris-list.jpg,"['11', '12', '09', '10']","[['9:00', '10:00', '14:00', '16:00'], ['9:00', '10:00', '14:00', '16:00'], ['9:00', '10:00', '14:00', '16:00'], ['9:00', '10:00', '14:00', '16:00']]",2 -4h,0.0,0.0,,34.0,EUR,Español
2,Entrada a la Sainte-Chapelle y Conciergerie,Con esta entrada combinada a la Conciergerie y la Sainte-Chapelle podréis visitar dos de los monumentos más destacados de la isla de la Cité en un mismo día.,www.civitatis.com/es/paris/entrada-conciergerie-sainte-chapelle/,"www.civitatis.comdata:image/gif;base64,R0lGODlhAQABAAAAACH5BAEKAAEALAAAAAABAAEAAAICTAEAOw==",www.civitatis.com/f/francia/paris/entrada-conciergerie-sainte-chapelle-list.jpg,"['11', '12', '10', '09']","[[], [], [], []]",Entradas,48.855639,2.345388,"Cour du Mai, Quartier Saint-Germain-l'Auxerrois, Paris 1er Arrondissement, Paris, Île-de-France, France métropolitaine, 75001, France",5.15,EUR,
3,"Cena en Madame Brasserie, el restaurante de la Torre Eiffel","Si buscáis una velada inolvidable, esta cena en Madame Brasserie es ideal. Veréis París iluminado desde el restaurante de la primera planta de la Torre Eiffel.",www.civitatis.com/es/paris/cena-restaurante-torre-eiffel/,"www.civitatis.comdata:image/gif;base64,R0lGODlhAQABAAAAACH5BAEKAAEALAAAAAABAAEAAAICTAEAOw==",www.civitatis.com/f/francia/paris/cena-restaurante-torre-eiffel-list.jpg,"['12', '10', '11', '09']","[['21:00'], ['21:00'], ['21:00'], ['21:00']]",2 horas,48.858537,2.293964,"Tour Eiffel, Quai Jacques Chirac, Quartier du Gros-Caillou, Paris 7e Arrondissement, Paris, Île-de-France, France métropolitaine, 75007, France",11.77,EUR,Gastronomía y enoturismo
4,Excursión a los Castillos del Loira,"Si estáis buscando una preciosa excursión desde París, no os podéis perder esta ruta por los Castillos del Loira. ¡Viajaremos a Chenonceau, Chambord y Cheverny!",www.civitatis.com/es/paris/excursion-castillos-loira/,"www.civitatis.comdata:image/gif;base64,R0lGODlhAQABAAAAACH5BAEKAAEALAAAAAABAAEAAAICTAEAOw==",www.civitatis.com/f/francia/paris/excursion-castillos-loira-list.jpg,['12'],[['7:00']],12h 30m,48.831234,2.387336,"15, Avenue des Terroirs de France, Quartier de Bercy, Paris 12e Arrondissement, Paris, Île-de-France, France métropolitaine, 75012, France",37.0,EUR,Español
5,"Tour nocturno en autobús descapotable, Big Bus","En este tour nocturno en autobús descapotable de Big Bus por París contemplaréis la iluminación de la capital francesa, conocida como la Ciudad de la Luz.",www.civitatis.com/es/paris/tour-noctuno-autobus/,"www.civitatis.comdata:image/gif;base64,R0lGODlhAQABAAAAACH5BAEKAAEALAAAAAABAAEAAAICTAEAOw==",www.civitatis.com/f/francia/paris/tour-noctuno-autobus-list.jpg,"['11', '09', '10', '12']","[['20:15'], ['20:15'], ['20:15'], ['20:15']]",2 horas,48.87351783682382,2.295858006507501,"Avenue des Champs-Élysées, Quartier des Champs-Élysées, Paris 8e Arrondissement, Paris, Île-de-France, France métropolitaine, 75008, France",11.55,EUR,Español
6,Entrada al Panteón de París,"Víctor Hugo, Voltaire, Alejandro Dumas y otras personalidades reposan en el Panteón de París. Descubrid esta joya monumental situada en el Barrio Latino.",www.civitatis.com/es/paris/entrada-panteon/,"www.civitatis.comdata:image/gif;base64,R0lGODlhAQABAAAAACH5BAEKAAEALAAAAAABAAEAAAICTAEAOw==",www.civitatis.com/f/francia/paris/entrada-panteon-list.jpg,"['11', '12', '10', '09']","[[], [], [], []]",Entradas,48.846326,2.344992,"Université Paris II Panthéon-Assas, 12, Place du Panthéon, Quartier de la Sorbonne, Paris 5e Arrondissement, Paris, Île-de-France, France métropolitaine, 75005, France",4.9,EUR,
7,Free tour de los misterios y leyendas de París,La capital francesa fue escenario de asesinatos y guerras. Descubriremos las historias más sorprendentes en este free tour de los misterios y leyendas de París.,www.civitatis.com/es/paris/tour-misterios-leyendas-paris/,"www.civitatis.comdata:image/gif;base64,R0lGODlhAQABAAAAACH5BAEKAAEALAAAAAABAAEAAAICTAEAOw==",www.civitatis.com/f/francia/paris/tour-misterios-leyendas-paris-list.jpg,"['12', '09', '11', '10']","[['19:00'], ['19:00'], ['19:00'], ['19:00']]",2h -2h 15m,48.855192,2.3471328,"1, Place Louis Lépine, Quartier Les Îles, Paris 4e Arrondissement, Paris, Île-de-France, France métropolitaine, 75004, France",2.5,EUR,Español
8,"Tour por París, paseo en barco y Torre Eiffel","Esta actividad incluye un tour panorámico por París, un crucero por el Sena y la Torre Eiffel. Ideal para descubrir la capital desde todos los puntos de vista.",www.civitatis.com/es/paris/tour-paris-crucero-torre-eiffel/,"www.civitatis.comdata:image/gif;base64,R0lGODlhAQABAAAAACH5BAEKAAEALAAAAAABAAEAAAICTAEAOw==",www.civitatis.com/f/francia/paris/tour-paris-crucero-torre-eiffel-list.jpg,"['09', '11', '12', '10']","[['10:15', '12:15', '12:45', '14:15', '14:45', '15:15', '17:15', '18:15'], ['10:15', '12:15', '12:45', '13:15', '13:45', '14:15', '15:15', '15:45', '16:15', '16:45', '17:15'], ['12:15', '13:45', '15:45'], ['10:15', '12:15', '12:45', '13:15', '13:45', '14:45', '15:15', '16:15', '16:45', '18:15']]",5 horas,48.856132,2.292921,"Centre Sportif Émile Anthoine, 9, Rue Jean Rey, Quartier de Grenelle, Paris 15e Arrondissement, Paris, Île-de-France, France métropolitaine, 75015, France",19.8,EUR,Español
9,Entrada a Aura Invalides,¿Buscando planes diferentes en París? Con esta entrada a Aura Invalides disfrutaréis de una inolvidable experiencia inmersiva bajo la Cúpula de los Inválidos.,www.civitatis.com/es/paris/entrada-aura-invalides/,"www.civitatis.comdata:image/gif;base64,R0lGODlhAQABAAAAACH5BAEKAAEALAAAAAABAAEAAAICTAEAOw==",www.civitatis.com/f/francia/paris/entrada-aura-invalides-list.jpg,"['12', '09']","[['18:55', '20:15'], ['18:55', '20:15']]",50 minutos,48.853679,2.312334,"Place Vauban, Quartier de l'École Militaire, Paris 7e Arrondissement, Paris, Île-de-France, France métropolitaine, 75007, France",4.8,EUR,Espectáculos
10,Autobús entre el aeropuerto de Beauvais y París,"Si estáis buscando cómo llegar a París desde el aeropuerto de Beauvais, este traslado en autobús es la opción ideal para viajar entre la terminal y la ciudad.",www.civitatis.com/es/paris/autobus-aeropuerto-beauvais-paris/,"www.civitatis.comdata:image/gif;base64,R0lGODlhAQABAAAAACH5BAEKAAEALAAAAAABAAEAAAICTAEAOw==",www.civitatis.com/f/francia/paris/autobus-aeropuerto-beauvais-paris-list.jpg,"['10', '11', '12', '09']","[[], [], [], []]",1h 30m,0.0,0.0,,1.18,EUR,Transporte y traslados
11,Excursión a Bruselas y Brujas,¿Queréis disfrutar de las maravillas de Bélgica? En esta excursión a Bruselas y Brujas visitaremos la hermosa capital del país y la llamada Venecia del norte.,www.civitatis.com/es/paris/excursion-bruselas-brujas/,"www.civitatis.comdata:image/gif;base64,R0lGODlhAQABAAAAACH5BAEKAAEALAAAAAABAAEAAAICTAEAOw==",www.civitatis.com/f/francia/paris/excursion-bruselas-brujas-list.jpg,"['10', '09']","[['7:00'], ['7:00']]",16 horas,48.8631192,2.4156324,"Rue du Château, Centre Sud, Bagnolet, Bobigny, Seine-Saint-Denis, Île-de-France, France métropolitaine, 93170, France",49.75,EUR,Español
12,Free tour por los alrededores de la Torre Eiffel y el Arco del Triunfo,¿Estáis en París y no conocéis la Torre Eiffel y el Arco del Triunfo? En este free tour pasearemos por sus alrededores y por los elegantes Campos Elíseos.,www.civitatis.com/es/paris/free-tour-torre-eiffel/,"www.civitatis.comdata:image/gif;base64,R0lGODlhAQABAAAAACH5BAEKAAEALAAAAAABAAEAAAICTAEAOw==",www.civitatis.com/f/francia/paris/free-tour-torre-eiffel-list.jpg,"['12', '10', '09', '11']","[['11:00', '15:30'], ['11:00', '15:30'], ['11:00', '15:30'], ['11:00', '15:30']]",2h -2h 30m,48.87335265557924,2.2974675005458094,"Quartier du Faubourg-du-Roule, Paris 8e Arrondissement, Paris, Île-de-France, France métropolitaine, 75008, France",3.0,EUR,Español
13,Entradas para el Cabaret Paradis Latin,Reservando estas entradas para el Paradis Latin disfrutaréis de un inolvidable espectáculo en uno de los cabarets más famosos de París. ¡No os lo podéis perder!,www.civitatis.com/es/paris/cabaret-paradis-latin/,"www.civitatis.comdata:image/gif;base64,R0lGODlhAQABAAAAACH5BAEKAAEALAAAAAABAAEAAAICTAEAOw==",www.civitatis.com/f/francia/paris/cabaret-paradis-latin-list.jpg,"['11', '10']","[['19:30', '21:00'], ['19:30', '21:00']]",3 horas,48.847991,2.352856,"Christian Gilles, Rue du Cardinal Lemoine, Quartier Saint-Victor, Paris 5e Arrondissement, Paris, Île-de-France, France métropolitaine, 75005, France",20.0,EUR,Espectáculos
14,Entrada a la Torre Montparnasse,Con esta entrada a la Torre Montparnasse podréis disfrutar de una vista de 360 grados de París. ¡Contemplaréis la capital francesa desde 200 metros de altitud!,www.civitatis.com/es/paris/entrada-torre-montparnasse/,"www.civitatis.comdata:image/gif;base64,R0lGODlhAQABAAAAACH5BAEKAAEALAAAAAABAAEAAAICTAEAOw==",www.civitatis.com/f/francia/paris/entrada-torre-montparnasse-list.jpg,"['10', '12', '09', '11']","[[], [], [], []]",Entradas,48.842151,2.3197951,"Pacifica, 8, Boulevard de Vaugirard, Quartier Necker, Paris 15e Arrondissement, Paris, Île-de-France, France métropolitaine, 75015, France",4.0,EUR,
15,Crucero por el Sena desde la Torre Eiffel con comida,En este crucero por el Sena saliendo desde la Torre Eiffel veréis París desde una perspectiva única y disfrutaréis de la exquisita gastronomía francesa.,www.civitatis.com/es/paris/crucero-sena-torre-eiffel-comida/,"www.civitatis.comdata:image/gif;base64,R0lGODlhAQABAAAAACH5BAEKAAEALAAAAAABAAEAAAICTAEAOw==",www.civitatis.com/f/francia/paris/crucero-sena-torre-eiffel-comida-list.jpg,"['11', '10', '09', '12']","[['12:45'], ['12:45'], ['12:45'], ['12:45']]",2 horas,48.860385,2.293544,"Bateaux Parisiens, Port de la Bourdonnais, Quartier du Gros-Caillou, Paris 7e Arrondissement, Paris, Île-de-France, France métropolitaine, 75007, France",15.0,EUR,Paseos en barco
16,Entrada al Museo de Orsay,Comprando la entrada al Museo de Orsay tendréis la oportunidad de ver algunas de las pinturas impresionistas más famosas del mundo. ¡Un plan perfecto en París!,www.civitatis.com/es/paris/entrada-museo-orsay/,"www.civitatis.comdata:image/gif;base64,R0lGODlhAQABAAAAACH5BAEKAAEALAAAAAABAAEAAAICTAEAOw==",www.civitatis.com/f/francia/paris/entrada-museo-orsay-list.jpg,"['09', '10', '12']","[[], [], []]",Entradas,48.85990493,2.326518467,"Musée d'Orsay, 1, Rue de la Légion d'Honneur, Quartier Saint-Thomas-d'Aquin, Paris 7e Arrondissement, Paris, Île-de-France, France métropolitaine, 75007, France",0.5,EUR,
17,Entrada al Museo de l'Armée,"Con esta entrada al Museo de l'Armée, el Museo del Ejército, visitaréis el gran complejo del Hôtel National des Invalides, que alberga la tumba de Napoléon I.",www.civitatis.com/es/paris/entrada-museo-armee/,"www.civitatis.comdata:image/gif;base64,R0lGODlhAQABAAAAACH5BAEKAAEALAAAAAABAAEAAAICTAEAOw==",www.civitatis.com/f/francia/paris/entrada-museo-armee-list.jpg,"['11', '12', '10', '09']","[[], [], [], []]",Entradas,48.858032,2.312858,"Quartier des Invalides, Paris 7e Arrondissement, Paris, Île-de-France, France métropolitaine, 75007, France",5.5,EUR,
18,Barco turístico de París Batobus,"Navegando por el río Sena en el Batobus, el barco turístico de París, podréis subir y bajar tantas veces como queráis durante 24 o 48 horas. ¡Imprescindible!",www.civitatis.com/es/paris/barco-turistico-paris/,"www.civitatis.comdata:image/gif;base64,R0lGODlhAQABAAAAACH5BAEKAAEALAAAAAABAAEAAAICTAEAOw==",www.civitatis.com/f/francia/paris/barco-turistico-paris-list.jpg,"['11', '09', '12', '10']","[['10:00'], ['10:00'], ['10:00'], ['10:00']]",1 -2d,0.0,0.0,,4.59,EUR,Paseos en barco
19,Sesión fotográfica privada en el exterior de la Torre Eiffel,"Si queréis llevaros un recuerdo único de París, esta sesión fotográfica privada en el exterior de la Torre Eiffel es perfecta. ¡Captaremos las mejores poses!",www.civitatis.com/es/paris/sesion-fotografica-privada-torre-eiffel/,"www.civitatis.comdata:image/gif;base64,R0lGODlhAQABAAAAACH5BAEKAAEALAAAAAABAAEAAAICTAEAOw==",www.civitatis.com/f/francia/paris/sesion-fotografica-privada-torre-eiffel-list.jpg,"['12', '10', '11', '09']","[[], [], [], []]",15 -45m,48.8552081,2.2848093,"Voie Georges Pompidou, Quartier de la Muette, Paris 16e Arrondissement, Paris, Île-de-France, France métropolitaine, 75016, France",17.0,EUR,Inglés
20,Barco turístico de París Batobus,"Navegando por el río Sena en el Batobus, el barco turístico de París, podréis subir y bajar tantas veces como queráis durante 24 o 48 horas. ¡Imprescindible!",www.civitatis.com/es/paris/barco-turistico-paris/,www.civitatis.com/f/francia/paris/barco-turistico-paris-list.jpg,,[],[],1 -  2d,0.0,0.0,,4.59,EUR,Paseos en barco
21,Excursión a la Casa de Monet en Giverny,En esta excursión a Giverny desde París visitaremos este pintoresco pueblo para conocer la Casa-Museo de Claude Monet. ¡Todo un genio del impresionismo!,www.civitatis.com/es/paris/excursion-giverny/,www.civitatis.com/f/francia/paris/excursion-giverny-list.jpg,,[],[],5 horas,48.857951,2.299934,"Le Champ de Mars, Avenue de la Bourdonnais, Quartier du Gros-Caillou, Paris 7e Arrondissement, Paris, Île-de-France, France métropolitaine, 75007, France",16.8,EUR,Español
22,Sesión fotográfica privada en el exterior de la Torre Eiffel,"Si queréis llevaros un recuerdo único de París, esta sesión fotográfica privada en el exterior de la Torre Eiffel es perfecta. ¡Captaremos las mejores poses!",www.civitatis.com/es/paris/sesion-fotografica-privada-torre-eiffel/,"www.civitatis.comdata:image/gif;base64,R0lGODlhAQABAAAAACH5BAEKAAEALAAAAAABAAEAAAICTAEAOw==",www.civitatis.com/f/francia/paris/sesion-fotografica-privada-torre-eiffel-list.jpg,[],[],15 -  45m,48.8552081,2.2848093,"Voie Georges Pompidou, Quartier de la Muette, Paris 16e Arrondissement, Paris, Île-de-France, France métropolitaine, 75016, France",17.0,EUR,Inglés
23,"Comida en Madame Brasserie, el restaurante de la Torre Eiffel",Con una comida en Madame Brasserie disfrutaréis de un exquisito menú en el restaurante de la primera planta de la Torre Eiffel. ¡Tendréis París a vuestros pies!,www.civitatis.com/es/paris/comida-restaurante-torre-eiffel/,"www.civitatis.comdata:image/gif;base64,R0lGODlhAQABAAAAACH5BAEKAAEALAAAAAABAAEAAAICTAEAOw==",www.civitatis.com/f/francia/paris/comida-restaurante-torre-eiffel-list.jpg,[],[],1h 15m -  2h,48.858537,2.293964,"Tour Eiffel, Quai Jacques Chirac, Quartier du Gros-Caillou, Paris 7e Arrondissement, Paris, Île-de-France, France métropolitaine, 75007, France",5.91,EUR,Gastronomía y enoturismo
24,Cena con espectáculo de ópera en Bel Canto,¿Buscando planes diferentes en París? En esta cena con espectáculo de ópera en Bel Canto os deleitaréis con un rico menú mientras disfrutáis de arias de ópera.,www.civitatis.com/es/paris/cena-espectaculo-opera-bel-canto/,"www.civitatis.comdata:image/gif;base64,R0lGODlhAQABAAAAACH5BAEKAAEALAAAAAABAAEAAAICTAEAOw==",www.civitatis.com/f/francia/paris/cena-espectaculo-opera-bel-canto-list.jpg,[],[],4 horas,48.854685,2.354327,"74, Quai de l'Hôtel de Ville, Quartier Saint-Gervais, Paris 4e Arrondissement, Paris, Île-de-France, France métropolitaine, 75004, France",19.6,EUR,Gastronomía y enoturismo
25,Visita guiada por el Museo de Orsay,En esta visita guiada por el Museo de Orsay veremos la mayor colección mundial de cuadros impresionistas. ¡Todo un paraíso para los amantes del arte!,www.civitatis.com/es/paris/visita-guiada-museo-orsay/,"www.civitatis.comdata:image/gif;base64,R0lGODlhAQABAAAAACH5BAEKAAEALAAAAAABAAEAAAICTAEAOw==",www.civitatis.com/f/francia/paris/visita-guiada-museo-orsay-list.jpg,[],[],2 horas,48.860507,2.325447,"Esplanade Valéry Giscard d'Estaing, Quartier Saint-Thomas-d'Aquin, Paris 7e Arrondissement, Paris, Île-de-France, France métropolitaine, 75007, France",20.25,EUR,Español
26,Entrada para el Centro Pompidou,"Con esta entrada os adentraréis en la vanguardista arquitectura del Centro Pompidou, uno de los museos de arte moderno y contemporáneo más destacados de París.",www.civitatis.com/es/paris/entrada-centro-pompidou/,"www.civitatis.comdata:image/gif;base64,R0lGODlhAQABAAAAACH5BAEKAAEALAAAAAABAAEAAAICTAEAOw==",www.civitatis.com/f/francia/paris/entrada-centro-pompidou-list.jpg,[],[],Entradas,48.86079,2.351805,"Place Georges Pompidou, Quartier Saint-Merri, Paris 4e Arrondissement, Paris, Île-de-France, France métropolitaine, 75004, France",3.1,EUR,
27,Free tour por Le Marais y la Bastilla,"¿Conocéis el París medieval y la Bastilla? Para descubrirlo, podéis hacer este free tour por Le Marais, uno de los barrios más pintorescos de la capital gala.",www.civitatis.com/es/paris/free-tour-marais-bastilla/,"www.civitatis.comdata:image/gif;base64,R0lGODlhAQABAAAAACH5BAEKAAEALAAAAAABAAEAAAICTAEAOw==",www.civitatis.com/f/francia/paris/free-tour-marais-bastilla-list.jpg,[],[],2 horas,48.8545738481987,2.355386820897678,"60, Rue de l'Hôtel de Ville, Quartier Saint-Gervais, Paris 4e Arrondissement, Paris, Île-de-France, France métropolitaine, 75004, France",2.0,EUR,Español
28,Autobús entre los aeropuertos de Orly o Charles de Gaulle y Disneyland® París,Este servicio de traslado en autobús os permitirá desplazaros cómodamente entre el aeropuerto de Orly o de Charles de Gaulle y los parques de Disneyland® París.,www.civitatis.com/es/paris/autobus-aeropuerto-disneyland/,"www.civitatis.comdata:image/gif;base64,R0lGODlhAQABAAAAACH5BAEKAAEALAAAAAABAAEAAAICTAEAOw==",www.civitatis.com/f/francia/paris/autobus-aeropuerto-disneyland-list.jpg,[],[],1 hora,0.0,0.0,,3.12,EUR,Transporte y traslados
29,Tour por el exterior de la catedral de Notre Dame + Entrada a la cripta,"En este tour por el exterior de la catedral de Notre Dame, conoceréis la historia de uno de los monumentos más importantes de París. ¡Imprescindible!",www.civitatis.com/es/paris/tour-notre-dame-cripta/,"www.civitatis.comdata:image/gif;base64,R0lGODlhAQABAAAAACH5BAEKAAEALAAAAAABAAEAAAICTAEAOw==",www.civitatis.com/f/francia/paris/tour-notre-dame-cripta-list.jpg,[],[],2 horas,48.8533421443481,2.34827821344821,"Parvis Notre-Dame - Place Jean-Paul II, Quartier Les Îles, Paris 4e Arrondissement, Paris, Île-de-France, France métropolitaine, 75004, France",11.5,EUR,Español
30,Paseo en barco con comida,"Si buscáis la forma ideal de aprovechar el día en París, este paseo en barco por el Sena con comida es ideal. Disfrutaréis a bordo de un menú de 3 platos.",www.civitatis.com/es/paris/paseo-barco-comida/,"www.civitatis.comdata:image/gif;base64,R0lGODlhAQABAAAAACH5BAEKAAEALAAAAAABAAEAAAICTAEAOw==",www.civitatis.com/f/francia/paris/paseo-barco-comida-list.jpg,[],[],1h 30m,48.860775,2.326453,"Musée d'Orsay, Promenade Édouard Glissant, Quartier Saint-Thomas-d'Aquin, Paris 7e Arrondissement, Paris, Île-de-France, France métropolitaine, 75007, France",17.0,EUR,Paseos en barco
31,Tour por el Estadio de Francia,"Con este tour por el Estadio de Francia conoceremos todos los rincones de este icono de París situado en Saint-Denis, en la periferia de la ciudad.",www.civitatis.com/es/paris/tour-estadio-francia/,"www.civitatis.comdata:image/gif;base64,R0lGODlhAQABAAAAACH5BAEKAAEALAAAAAABAAEAAAICTAEAOw==",www.civitatis.com/f/francia/paris/tour-estadio-francia-list.jpg,[],[],1h 30m,48.925539,2.362054,"Franc-Moisin - Bel-Air - Stade de France, Saint-Denis, Seine-Saint-Denis, Île-de-France, France métropolitaine, 93200, France",4.0,EUR,Inglés
32,Autobús gastronómico de París,"Recorred el centro de París a bordo del Bustronome, un lujoso autobús gastronómico en el que podrás disfrutar de una deliciosa comida o cena francesa.",www.civitatis.com/es/paris/autobus-gastronomico-paris/,"www.civitatis.comdata:image/gif;base64,R0lGODlhAQABAAAAACH5BAEKAAEALAAAAAABAAEAAAICTAEAOw==",www.civitatis.com/f/francia/paris/autobus-gastronomico-paris-list.jpg,[],[],2 -  3h,48.872713,2.294035,"Chaillot, Paris 16e Arrondissement, Paris, Île-de-France, France métropolitaine, 75116, France",10.5,EUR,Gastronomía y enoturismo
33,Entrada al cabaret Crazy Horse,Con esta entrada al Crazy Horse disfrutaréis de un inolvidable espectáculo en uno de los cabarets más famosos y glamurosos de París. ¡Os sorprenderá!,www.civitatis.com/es/paris/entrada-cabaret-crazy-horse/,"www.civitatis.comdata:image/gif;base64,R0lGODlhAQABAAAAACH5BAEKAAEALAAAAAABAAEAAAICTAEAOw==",www.civitatis.com/f/francia/paris/entrada-cabaret-crazy-horse-list.jpg,[],[],1h 30m,48.865894,2.301568,"Parc de stationnement Alma George V, Avenue George V, Quartier des Champs-Élysées, Paris 8e Arrondissement, Paris, Île-de-France, France métropolitaine, 75008, France",23.8,EUR,Espectáculos
34,Excursión a las playas del Desembarco de Normandía,"Descubrid los escenarios de la Segunda Guerra Mundial donde tuvo lugar el Desembarco de Normandía, una jornada histórica en el desarrollo de la contienda.",www.civitatis.com/es/paris/excursion-playas-desembarco-normandia/,www.civitatis.com/f/francia/paris/excursion-playas-desembarco-normandia-list.jpg,,[],[],14 horas,48.8558546,2.292827,"30, Rue Jean Rey, Quartier de Grenelle, Paris 15e Arrondissement, Paris, Île-de-France, France métropolitaine, 75015, France",37.0,EUR,Inglés
35,Free tour de Emily en París,"En este free tour de Emily en París veremos los escenarios de rodaje de esta popular serie de Netflix, como el restaurante de Gabriel o las oficinas de Savoir.",www.civitatis.com/es/paris/free-tour-emily-paris/,www.civitatis.com/f/francia/paris/free-tour-emily-paris-list.jpg,,[],[],2h 30m,48.8467396,2.3448845,"Université Paris II Panthéon-Assas, 12, Place du Panthéon, Quartier de la Sorbonne, Paris 5e Arrondissement, Paris, Île-de-France, France métropolitaine, 75005, France",2.0,EUR,Español
36,Concierto de música clásica en la Madeleine,"En esta actividad disfrutaréis de un concierto de música clásica en la iglesia de la Madeleine, uno de los templos neoclásicos más famosos del centro de París.",www.civitatis.com/es/paris/concierto-musica-clasica-iglesia-paris/,www.civitatis.com/f/francia/paris/concierto-musica-clasica-iglesia-paris-list.jpg,,[],[],1h 20m,48.869462,2.324014,"Foyer de la Madeleine, Place de la Madeleine, Quartier de la Madeleine, Paris 8e Arrondissement, Paris, Île-de-France, France métropolitaine, 75008, France",6.0,EUR,Espectáculos
37,Entrada a los apartamentos del Intendente del Hôtel de la Marine,Con esta entrada al Hôtel de la Marine visitaréis un emblemático palacio del siglo XVIII situado en la céntrica plaza de la Concordia de París. ¡Os sorprenderá!,www.civitatis.com/es/paris/entrada-hotel-marine/,www.civitatis.com/f/francia/paris/entrada-hotel-marine-list.jpg,,[],[],1h 15m,48.866364,2.323353,"Place de la Concorde, Quartier des Champs-Élysées, Paris 8e Arrondissement, Paris, Île-de-France, France métropolitaine, 75008, France",4.4,EUR,Español
38,Tour panorámico en el autobús sostenible Tootbus,En este tour panorámico por París en el autobús sostenible Tootbus recorreréis la ciudad en un vehículo ecológico. Podréis subir y bajar en cualquier parada.,www.civitatis.com/es/paris/tour-autobus-sostenible-tootbus/,"www.civitatis.comdata:image/gif;base64,R0lGODlhAQABAAAAACH5BAEKAAEALAAAAAABAAEAAAICTAEAOw==",www.civitatis.com/f/francia/paris/tour-autobus-sostenible-tootbus-list.jpg,[],[],1 -  3d,0.0,0.0,,13.39,EUR,Español
39,Entrada al Museo Rodin,"Con esta entrada al Museo Rodin de París podréis ver El pensador, El beso y otras icónicas esculturas situadas en el Hôtel Biron y sus preciosos jardines.",www.civitatis.com/es/paris/entrada-museo-rodin/,"www.civitatis.comdata:image/gif;base64,R0lGODlhAQABAAAAACH5BAEKAAEALAAAAAABAAEAAAICTAEAOw==",www.civitatis.com/f/francia/paris/entrada-museo-rodin-list.jpg,[],[],1h 30m,48.855565,2.315914,"Musée Rodin, 77, Rue de Varenne, Quartier des Invalides, Paris 7e Arrondissement, Paris, Île-de-France, France métropolitaine, 75007, France",4.2,EUR,Entradas
40,Concierto de música clásica en Saint-Germain-des-Prés,"En esta actividad disfrutaréis de la mejor música clásica en un concierto en la iglesia de Saint-Germain-des-Prés, en pleno centro de París. ¡Imprescindible!",www.civitatis.com/es/paris/concierto-saint-germain-pres/,"www.civitatis.comdata:image/gif;base64,R0lGODlhAQABAAAAACH5BAEKAAEALAAAAAABAAEAAAICTAEAOw==",www.civitatis.com/f/francia/paris/concierto-saint-germain-pres-list.jpg,['09'],[['20:45']],1h 20m,48.854089,2.333704,"Église Saint-Germain des Prés, 3, Place Saint-Germain des Prés, Quartier de Saint-Germain-des-Prés, Paris 6e Arrondissement, Paris, Île-de-France, France métropolitaine, 75006, France",6.0,EUR,Espectáculos
41,Tour por el cementerio Père Lachaise,"El tour por el cementerio Père Lachaise, lugar de descanso de personajes como Oscar Wilde o Edith Piaf, os mostrará el camposanto más visitado del mundo.",www.civitatis.com/es/paris/tour-cementerio-pere-lachaise/,"www.civitatis.comdata:image/gif;base64,R0lGODlhAQABAAAAACH5BAEKAAEALAAAAAABAAEAAAICTAEAOw==",www.civitatis.com/f/francia/paris/tour-cementerio-pere-lachaise-list.jpg,"['10', '09', '11']","[['13:00'], ['13:00'], ['13:00']]",2 horas,48.8584906,2.3899716,"Boulevard de Charonne, Quartier du Père-Lachaise, Paris 20e Arrondissement, Paris, Île-de-France, France métropolitaine, 75020, France",4.5,EUR,Español
42,¿Escala en París? Tour privado desde el aeropuerto,¿Hacéis escala en París y queréis visitar la ciudad? En esta actividad desde el aeropuerto aprovecharéis para conocer la capital francesa en un tour privado.,www.civitatis.com/es/paris/tour-escala-paris/,"www.civitatis.comdata:image/gif;base64,R0lGODlhAQABAAAAACH5BAEKAAEALAAAAAABAAEAAAICTAEAOw==",www.civitatis.com/f/francia/paris/tour-escala-paris-list.jpg,"['11', '12', '10', '09']","[[], [], [], []]",2 -5h,0.0,0.0,,66.0,EUR,Español
43,Entrada a la basílica de Saint-Denis,¿Sabíais que la primera construcción gótica del mundo fue la basílica de Saint-Denis? Conoced este templo de las afueras de París con esta entrada.,www.civitatis.com/es/paris/entrada-basilica-saint-denis/,"www.civitatis.comdata:image/gif;base64,R0lGODlhAQABAAAAACH5BAEKAAEALAAAAAABAAEAAAICTAEAOw==",www.civitatis.com/f/francia/paris/entrada-basilica-saint-denis-list.jpg,"['11', '12', '10', '09']","[[], [], [], []]",Entradas,48.935714,2.358741,,4.25,EUR,
44,Visita guiada por el Sacré Coeur,"Esta visita guiada por el Sacré Coeur es sin duda la mejor forma de conocer uno de los templos más icónicos de París, ubicado en la colina de Montmartre.",www.civitatis.com/es/paris/visita-guiada-sacre-coeur/,"www.civitatis.comdata:image/gif;base64,R0lGODlhAQABAAAAACH5BAEKAAEALAAAAAABAAEAAAICTAEAOw==",www.civitatis.com/f/francia/paris/visita-guiada-sacre-coeur-list.jpg,['09'],[['18:15']],1 hora,48.886213,2.343324,"Parvis du Sacré-Cœur, Quartier de Clignancourt, Paris 18e Arrondissement, Paris, Île-de-France, France métropolitaine, 75018, France",3.0,EUR,Español
45,Hard Rock Cafe Paris sin colas,"Disfrutad de una deliciosa comida o cena en el Hard Rock Cafe Paris, uno de los locales más populares de la ciudad. ¡A solo unos pasos de la Ópera!",www.civitatis.com/es/paris/hard-rock-cafe-paris/,"www.civitatis.comdata:image/gif;base64,R0lGODlhAQABAAAAACH5BAEKAAEALAAAAAABAAEAAAICTAEAOw==",www.civitatis.com/f/francia/paris/hard-rock-cafe-paris-list.jpg,"['10', '12', '09']","[['12:00', '13:00', '14:00', '15:00', '16:00', '17:00', '18:00', '19:00', '20:00', '21:00', '22:00', '23:00'], ['12:00', '13:00', '14:00', '15:00', '16:00', '17:00', '18:00', '19:00', '20:00', '21:00', '22:00', '23:00'], ['12:00', '13:00', '14:00', '15:00', '16:00', '17:00', '18:00', '19:00', '20:00', '21:00', '22:00', '23:00']]",Gastronomía y enoturismo,48.871846,2.341507,"Kilo Shop, 10, Boulevard Montmartre, Quartier du Faubourg-Montmartre, Paris 9e Arrondissement, Paris, Île-de-France, France métropolitaine, 75009, France",6.0,EUR,
46,Tour en bicicleta por París,"En este tour en bicicleta por París descubriremos a golpe de pedal la hermosa capital de Francia, pasando por los lugares más icónicos de la Ciudad de la Luz.",www.civitatis.com/es/paris/tour-bicicleta-paris/,"www.civitatis.comdata:image/gif;base64,R0lGODlhAQABAAAAACH5BAEKAAEALAAAAAABAAEAAAICTAEAOw==",www.civitatis.com/f/francia/paris/tour-bicicleta-paris-list.jpg,['09'],"[['10:15', '14:00']]",3 horas,48.8713403,2.334001,"4, Rue de la Chaussée-d'Antin, Quartier de la Chaussée-d'Antin, Paris 9e Arrondissement, Paris, Île-de-France, France métropolitaine, 75009, France",7.8,EUR,Español
47,Entrada al Paradox Museum de París,¿Estáis buscando planes diferentes en París? Con esta entrada al Paradox Museum disfrutaréis de increíbles ilusiones ópticas junto a la famosa Ópera Garnier.,www.civitatis.com/es/paris/entrada-paradox-museum/,"www.civitatis.comdata:image/gif;base64,R0lGODlhAQABAAAAACH5BAEKAAEALAAAAAABAAEAAAICTAEAOw==",www.civitatis.com/f/francia/paris/entrada-paradox-museum-list.jpg,"['09', '10', '12', '11']","[[], [], [], []]",1h 30m,48.871086,2.334597,"36, Boulevard des Italiens, Quartier de la Chaussée-d'Antin, Paris 9e Arrondissement, Paris, Île-de-France, France métropolitaine, 75009, France",5.4,EUR,Entradas
48,Entrada al Museo de la Orangerie,"Con la entrada al Museo de la Orangerie podréis contemplar una excelente colección de pinturas impresionistas, entre las que destacan obras de Monet.",www.civitatis.com/es/paris/entrada-museo-orangerie/,"www.civitatis.comdata:image/gif;base64,R0lGODlhAQABAAAAACH5BAEKAAEALAAAAAABAAEAAAICTAEAOw==",www.civitatis.com/f/francia/paris/entrada-museo-orangerie-list.jpg,"['10', '11', '09']","[[], [], []]",Entradas,48.86388193,2.32260212,"Terrasse de l'Orangerie, Quartier Saint-Germain-l'Auxerrois, Paris 1er Arrondissement, Paris, Île-de-France, France métropolitaine, 75001, France",0.5,EUR,
49,Juego de pistas en París: Historia de amor en Montmartre,El juego de pistas en París: Historia de amor en Montmartre es una yincana por el barrio bohemio de la ciudad en la que resolveréis acertijos con una app.,www.civitatis.com/es/paris/juego-pistas-paris-historia-amor-montmartre/,"www.civitatis.comdata:image/gif;base64,R0lGODlhAQABAAAAACH5BAEKAAEALAAAAAABAAEAAAICTAEAOw==",www.civitatis.com/f/francia/paris/juego-pistas-paris-historia-amor-montmartre-list.jpg,"['10', '11', '12', '09']","[['0:00'], ['0:00'], ['0:00'], ['0:00']]",56m -1h 26m,48.884131,2.332122,"90, Boulevard de Clichy, Quartier des Grandes-Carrières, Paris 18e Arrondissement, Paris, Île-de-France, France métropolitaine, 75018, France",3.6,EUR,Español
50,Entrada al museo Choco Story de París,Con esta entrada al museo Choco Story de París podréis conocer la historia del cacao visitando una exposición interactiva y haciendo una cata de chocolate.,www.civitatis.com/es/paris/entrada-choco-story-paris/,"www.civitatis.comdata:image/gif;base64,R0lGODlhAQABAAAAACH5BAEKAAEALAAAAAABAAEAAAICTAEAOw==",www.civitatis.com/f/francia/paris/entrada-choco-story-paris-list.jpg,"['10', '12', '09', '11']","[[], [], [], []]",1h 30m,48.8705899,2.3500828,"Boulevard de Bonne Nouvelle, Quartier de la Porte-Saint-Denis, Paris 10e Arrondissement, Paris, Île-de-France, France métropolitaine, 75010, France",3.0,EUR,Gastronomía y enoturismo
51,Entrada a la Conciergerie,Con esta entrada a la Conciergerie de París descubriréis la historia de este antiguo palacio real que fue una prisión durante la Revolución Francesa.,www.civitatis.com/es/paris/entrada-conciergerie/,"www.civitatis.comdata:image/gif;base64,R0lGODlhAQABAAAAACH5BAEKAAEALAAAAAABAAEAAAICTAEAOw==",www.civitatis.com/f/francia/paris/entrada-conciergerie-list.jpg,"['11', '12', '10', '09']","[[], [], [], []]",Entradas,48.855671,2.345556,"Cour du Mai, Quartier Saint-Germain-l'Auxerrois, Paris 1er Arrondissement, Paris, Île-de-France, France métropolitaine, 75001, France",4.9,EUR,
52,Tour en bicicleta por Versalles,Acompañadnos en este tour en bicicleta por Versalles en el que recorreremos sus jardines de forma diferente. Incluye entradas al palacio y tren desde París.,www.civitatis.com/es/paris/tour-bicicleta-versalles/,"www.civitatis.comdata:image/gif;base64,R0lGODlhAQABAAAAACH5BAEKAAEALAAAAAABAAEAAAICTAEAOw==",www.civitatis.com/f/francia/paris/tour-bicicleta-versalles-list.jpg,"['09', '10', '12']","[['9:00'], ['9:00'], ['9:00']]",8h 30m,48.846188874439,2.277821285728,"Avenue Émile Zola, Quartier de Javel, Paris 15e Arrondissement, Paris, Île-de-France, France métropolitaine, 75015, France",23.8,EUR,Inglés
53,Tour en Citroën DS por París,¿Queréis descubrir la capital francesa de un modo diferente? En este tour en Citroën DS por París recorreremos la ciudad de la luz en un vehículo vintage.,www.civitatis.com/es/paris/tour-citroen-ds/,www.civitatis.com/f/francia/paris/tour-citroen-ds-list.jpg,,"['11', '12', '10', '09']","[[], [], [], []]",1 -2h,0.0,0.0,,28.75,EUR,Inglés
54,"Ile de la Cité, Notre Dame y Saint Séverin","Descubrid qué sucedió en el incendio de Notre Dame, visitad el interior de su ""hermana pequeña"" y explorad la Ile de la Cité, la zona más antigua de París​.",www.civitatis.com/es/paris/visita-guiada-notre-dame/,www.civitatis.com/f/francia/paris/visita-guiada-notre-dame-list.jpg,,['09'],[['15:45']],1h 30m,48.8517496,2.3480958,"Le Philanthro-Lab, Rue de l'Hôtel Colbert, Quartier de la Sorbonne, Paris 5e Arrondissement, Paris, Île-de-France, France métropolitaine, 75005, France",4.5,EUR,Español
55,Free tour del arte por París,En este free tour de arte caminaremos por los lugares más auténticos de la capital francesa descubriendo las intimidades de la expresión artística parisina.,www.civitatis.com/es/paris/free-tour-arte-paris/,www.civitatis.com/f/francia/paris/free-tour-arte-paris-list.jpg,,"['09', '12', '11', '10']","[['12:00'], ['12:00'], ['12:00'], ['12:00']]",2 horas,48.8632276,2.33609873,"Place Colette, Quartier du Palais Royal, Paris 1er Arrondissement, Paris, Île-de-France, France métropolitaine, 75001, France",2.0,EUR,Español
56,Entrada al castillo de Vincennes y su capilla,Con esta entrada al castillo de Vincelles y su capilla descubriréis toda una joya de la Edad Media a la que se puede llegar en metro desde París.,www.civitatis.com/es/paris/entrada-castillo-vincennes/,www.civitatis.com/f/francia/paris/entrada-castillo-vincennes-list.jpg,,"['11', '12', '10', '09']","[[], [], [], []]",Entradas,48.844368,2.436556,"Château de Vincennes, Avenue du Général de Gaulle, Vignerons, Vincennes, Nogent-sur-Marne, Val-de-Marne, Île-de-France, France métropolitaine, 94300, France",6.25,EUR,
57,Entrada al Ballon de Paris Generali,Con vuestra entrada al Ballon de Paris Generali disfrutaréis de las mejores vistas de la capital francesa desde un globo aerostático anclado junto al río Sena.,www.civitatis.com/es/paris/entrada-ballon-paris-generali/,"www.civitatis.comdata:image/gif;base64,R0lGODlhAQABAAAAACH5BAEKAAEALAAAAAABAAEAAAICTAEAOw==",www.civitatis.com/f/francia/paris/entrada-ballon-paris-generali-list.jpg,"['11', '12', '10', '09']","[[], [], [], []]",10 -12m,48.841497,2.274191,"Ballon Generali de Paris, Quai André Citroën, Quartier de Javel, Paris 15e Arrondissement, Paris, Île-de-France, France métropolitaine, 75015, France",5.0,EUR,Entradas
58,Tour en bicitaxi por París,En este tour en bicitaxi por París recorreremos la capital francesa en un medio de transporte ecológico. ¡La forma más verde de descubrir la ciudad de la luz!,www.civitatis.com/es/paris/tour-bicitaxi-paris/,"www.civitatis.comdata:image/gif;base64,R0lGODlhAQABAAAAACH5BAEKAAEALAAAAAABAAEAAAICTAEAOw==",www.civitatis.com/f/francia/paris/tour-bicitaxi-paris-list.jpg,"['12', '09', '11']","[[], [], []]",30m -1h,0.0,0.0,,11.25,EUR,Español
59,Free tour de la Resistencia francesa,En este free tour de la Resistencia francesa recorreremos a pie los lugares históricos de París relacionados con la Segunda Guerra Mundial y la ocupación nazi.,www.civitatis.com/es/paris/free-tour-resistencia-francesa/,"www.civitatis.comdata:image/gif;base64,R0lGODlhAQABAAAAACH5BAEKAAEALAAAAAABAAEAAAICTAEAOw==",www.civitatis.com/f/francia/paris/free-tour-resistencia-francesa-list.jpg,['10'],[['10:30']],2h 30m,48.85529717736729,2.346918783047041,"Tribunal de commerce de Paris, Quai de la Corse, Quartier Les Îles, Paris 4e Arrondissement, Paris, Île-de-France, France métropolitaine, 75004, France",2.5,EUR,Español
60,Tour por París para familias,"Este tour familiar por París en español es perfecto para conocer la ciudad con niños, ya que incluye actividades para los más pequeños de la casa.",www.civitatis.com/es/paris/tour-paris-familias/,"www.civitatis.comdata:image/gif;base64,R0lGODlhAQABAAAAACH5BAEKAAEALAAAAAABAAEAAAICTAEAOw==",www.civitatis.com/f/francia/paris/tour-paris-familias-list.jpg,['09'],[['14:00']],2 horas,48.860678,2.340833,"Rue de l'Amiral de Coligny, Quartier Saint-Germain-l'Auxerrois, Paris 1er Arrondissement, Paris, Île-de-France, France métropolitaine, 75001, France",13.75,EUR,Español
61,Pub Crawl ¡Tour de fiesta por París!,En este Pub Crawl por París pasaremos una noche de desenfreno en la Ciudad de la Luz mientras os dejáis llevar por el ritmo de la música.,www.civitatis.com/es/paris/pub-crawl-paris/,"www.civitatis.comdata:image/gif;base64,R0lGODlhAQABAAAAACH5BAEKAAEALAAAAAABAAEAAAICTAEAOw==",www.civitatis.com/f/francia/paris/pub-crawl-paris-list.jpg,"['12', '09']","[['20:30'], ['20:30']]",5 horas,48.8530545,2.3449763,"La Mémoire de Paris, Rue de la Huchette, Quartier de la Sorbonne, Paris 5e Arrondissement, Paris, Île-de-France, France métropolitaine, 75005, France",5.0,EUR,Inglés
62,Entrada a la Capilla Expiatoria,La Capilla Expiatoria de París está erigida sobre el lugar en el que fueron sepultados Luis XVI y María Antonieta. ¡Conoced sus esculturas!,www.civitatis.com/es/paris/entrada-capilla-expiatoria/,"www.civitatis.comdata:image/gif;base64,R0lGODlhAQABAAAAACH5BAEKAAEALAAAAAABAAEAAAICTAEAOw==",www.civitatis.com/f/francia/paris/entrada-capilla-expiatoria-list.jpg,['09'],[[]],Entradas,48.873714,2.323116,"Chapelle expiatoire, Rue d'Anjou, Quartier de la Madeleine, Paris 8e Arrondissement, Paris, Île-de-France, France métropolitaine, 75008, France",1.5,EUR,
63,Entrada a la Cripta Arqueológica de París,Con la entrada a la Cripta Arqueológica descubriréis los vestigios de la isla de la Cité y visitaréis una exposición sobre la catedral de Notre-Dame.,www.civitatis.com/es/paris/entrada-cripta-arqueologica-paris/,"www.civitatis.comdata:image/gif;base64,R0lGODlhAQABAAAAACH5BAEKAAEALAAAAAABAAEAAAICTAEAOw==",www.civitatis.com/f/francia/paris/entrada-cripta-arqueologica-paris-list.jpg,"['09', '10', '12']","[[], [], []]",Entradas,48.85371,2.347497,"Accès Parking Notre-Dame, Quartier Les Îles, Paris 4e Arrondissement, Paris, Île-de-France, France métropolitaine, 75004, France",3.0,EUR,
64,Entrada al Museo Quai Branly - Jacques Chirac,Con esta entrada al Museo Quai Branly - Jacques Chirac visitaréis una de las colecciones etnológicas más destacadas de París. ¡No os lo podéis perder!,www.civitatis.com/es/paris/entrada-museo-quai-branly-jacques-chirac/,"www.civitatis.comdata:image/gif;base64,R0lGODlhAQABAAAAACH5BAEKAAEALAAAAAABAAEAAAICTAEAOw==",www.civitatis.com/f/francia/paris/entrada-museo-quai-branly-jacques-chirac-list.jpg,"['09', '10', '12']","[[], [], []]",1h 30m -2h,48.861211,2.297972,"Esplanade David Ben-Gourion, Quartier du Gros-Caillou, Paris 7e Arrondissement, Paris, Île-de-France, France métropolitaine, 75007, France",3.81,EUR,Entradas
65,Taller de macarons en las Galerías Lafayette,¿Os gusta cocinar? En este taller de macarons en las Galerías Lafayette aprenderéis a elaborar estos ricos dulces en los grandes almacenes más famosos de París.,www.civitatis.com/es/paris/taller-macarons-galerias-lafayette/,"www.civitatis.comdata:image/gif;base64,R0lGODlhAQABAAAAACH5BAEKAAEALAAAAAABAAEAAAICTAEAOw==",www.civitatis.com/f/francia/paris/taller-macarons-galerias-lafayette-list.jpg,"['12', '11']","[['10:30', '14:00'], ['14:00', '17:00']]",1h 30m,48.873055,2.333181,"Galeries Lafayette, 40, Boulevard Haussmann, Quartier de la Chaussée-d'Antin, Paris 9e Arrondissement, Paris, Île-de-France, France métropolitaine, 75009, France",10.62,EUR,Inglés y francés
66,Tour gastronómico por el barrio de Belleville,"Si os gusta probar productos locales, este tour gastronómico por el barrio de Belleville es perfecto. ¡Degustaremos distintas especialidades de París!",www.civitatis.com/es/paris/tour-gastronomico-belleville/,"www.civitatis.comdata:image/gif;base64,R0lGODlhAQABAAAAACH5BAEKAAEALAAAAAABAAEAAAICTAEAOw==",www.civitatis.com/f/francia/paris/tour-gastronomico-belleville-list.jpg,"['12', '09']","[['10:30'], ['10:30']]",3 horas,48.875091,2.389178,"134, Rue de Belleville, Quartier de Belleville, Paris 20e Arrondissement, Paris, Île-de-France, France métropolitaine, 75020, France",22.5,EUR,Español
67,Go City Paris Explorer Pass,"Con la tarjeta turística Go City Paris Explorer Pass tendréis acceso a 3, 4, 5, 6 o 7 atracciones de la capital francesa. ¡Ahorraréis hasta un 50% de dinero!",www.civitatis.com/es/paris/paris-explorer-pass/,"www.civitatis.comdata:image/gif;base64,R0lGODlhAQABAAAAACH5BAEKAAEALAAAAAABAAEAAAICTAEAOw==",www.civitatis.com/f/francia/paris/paris-explorer-pass-list.jpg,"['11', '12', '10', '09']","[[], [], [], []]",Entradas,0.0,0.0,,18.8,EUR,
68,Tour en sidecar por París,"En este tour en sidecar por París recorreremos los puntos más destacados de la Ciudad de la Luz de la forma más interesante y divertida, en un vehículo retro.",www.civitatis.com/es/paris/tour-sidecar-paris/,"www.civitatis.comdata:image/gif;base64,R0lGODlhAQABAAAAACH5BAEKAAEALAAAAAABAAEAAAICTAEAOw==",www.civitatis.com/f/francia/paris/tour-sidecar-paris-list.jpg,"['11', '09', '12', '10']","[['9:00', '11:00', '13:00', '15:00', '19:00', '21:00'], ['9:00', '11:00', '13:00', '15:00', '19:00', '21:00'], ['9:00', '11:00', '13:00', '15:00', '19:00', '21:00'], ['9:00', '11:00', '13:00', '15:00', '19:00', '21:00']]",2 -3h,48.85455685790708,2.28848924010744,"Square de la Place-des-Martyrs-Juifs-du-Vélodrome-d'Hiver, Quartier de Grenelle, Paris 15e Arrondissement, Paris, Île-de-France, France métropolitaine, 75015, France",44.5,EUR,Inglés y francés
69,Entrada a Atelier des Lumières,Con esta entrada a Atelier des Lumières visitaréis a vuestro aire las impresionantes exposiciones de este centro de artes digitales de París. ¡Os encantará!,www.civitatis.com/es/paris/entrada-atelier-lumieres/,"www.civitatis.comdata:image/gif;base64,R0lGODlhAQABAAAAACH5BAEKAAEALAAAAAABAAEAAAICTAEAOw==",www.civitatis.com/f/francia/paris/entrada-atelier-lumieres-list.jpg,"['10', '12']","[[], []]",1 hora,48.86160256525939,2.3807222908794365,"Atelier des Lumières, 38, Rue Saint-Maur, Quartier Saint-Ambroise, Paris 11e Arrondissement, Paris, Île-de-France, France métropolitaine, 75011, France",3.4,EUR,Entradas
70,Tour gastronómico por Saint-Germain-des-Prés,En este delicioso tour gastronómico por Saint-Germain-des-Prés recorreremos uno de los barrios más pintorescos de París en busca de sus principales productos.,www.civitatis.com/es/paris/tour-gastronomico-saint-germain-pres/,"www.civitatis.comdata:image/gif;base64,R0lGODlhAQABAAAAACH5BAEKAAEALAAAAAABAAEAAAICTAEAOw==",www.civitatis.com/f/francia/paris/tour-gastronomico-saint-germain-pres-list.jpg,['09'],"[['11:00', '14:35']]",3 horas,48.854028502828186,2.3334579273717613,"6, Place Saint-Germain des Prés, Quartier de Saint-Germain-des-Prés, Paris 6e Arrondissement, Paris, Île-de-France, France métropolitaine, 75006, France",30.0,EUR,Español
71,Tour por Montmartre para familias,¿Buscando planes con niños en París? En este tour por Montmartre para familias visitaremos sus calles bohemias y los más pequeños disfrutarán de sus carruseles.,www.civitatis.com/es/paris/tour-montmarte-familias/,"www.civitatis.comdata:image/gif;base64,R0lGODlhAQABAAAAACH5BAEKAAEALAAAAAABAAEAAAICTAEAOw==",www.civitatis.com/f/francia/paris/tour-montmarte-familias-list.jpg,"['10', '11', '12', '09']","[['10:30', '15:00'], ['10:30', '15:00'], ['10:30', '15:00'], ['10:30', '15:00']]",2 horas,48.88289788449861,2.3441718564968577,"Quartier de Clignancourt, Paris 18e Arrondissement, Paris, Île-de-France, France métropolitaine, 75018, France",11.8,EUR,Español
72,Free tour por el cementerio Père Lachaise,"Jim Morrison, Édith Piaf… En este free tour por el cementerio Père Lachaise veremos las tumbas de famosos personajes en el camposanto más visitado del mundo.",www.civitatis.com/es/paris/free-tour-cementerio-pere-lachaise/,"www.civitatis.comdata:image/gif;base64,R0lGODlhAQABAAAAACH5BAEKAAEALAAAAAABAAEAAAICTAEAOw==",www.civitatis.com/f/francia/paris/free-tour-cementerio-pere-lachaise-list.jpg,"['12', '11']","[['14:00'], ['13:00']]",2 horas,48.86247124377561,2.387735129200521,"Boulevard de Ménilmontant, Quartier du Père-Lachaise, Paris 20e Arrondissement, Paris, Île-de-France, France métropolitaine, 75020, France",2.0,EUR,Español
73,Taller de chocolate en el Choco Story de París,"Si os apasiona el cacao, no os podéis perder este taller de chocolate en el museo Choco Story de París. ¡Aprenderéis a elaborar vuestras propias tabletas!",www.civitatis.com/es/paris/taller-choco-story/,"www.civitatis.comdata:image/gif;base64,R0lGODlhAQABAAAAACH5BAEKAAEALAAAAAABAAEAAAICTAEAOw==",www.civitatis.com/f/francia/paris/taller-choco-story-list.jpg,"['09', '10', '11', '12']","[['12:15', '15:15'], ['12:15', '15:15'], ['11:15', '12:15'], ['12:15', '16:15']]",1h 30m,48.8705899,2.3500828,"Boulevard de Bonne Nouvelle, Quartier de la Porte-Saint-Denis, Paris 10e Arrondissement, Paris, Île-de-France, France métropolitaine, 75010, France",8.0,EUR,Inglés y francés
74,Paseo en barco por el Sena,"Dar un paseo en barco por el Sena es imprescindible para ver París desde una perspectiva única. Además, la embarcación es panorámica y tiene parte descubierta.",www.civitatis.com/es/paris/paseo-barco-sena/,www.civitatis.com/f/francia/paris/paseo-barco-sena-list.jpg,,"['11', '12', '10', '09']","[[], [], [], []]",1 hora,48.860385,2.293544,"Bateaux Parisiens, Port de la Bourdonnais, Quartier du Gros-Caillou, Paris 7e Arrondissement, Paris, Île-de-France, France métropolitaine, 75007, France",11.85,EUR,Paseos en barco
75,Visita guiada por el Museo del Louvre,"En esta visita guiada por el Museo del Louvre recorreremos una de las pinacotecas más importantes del mundo, donde destacan las obras de Da Vinci o Delacroix.",www.civitatis.com/es/paris/visita-guiada-museo-louvre/,"www.civitatis.comdata:image/gif;base64,R0lGODlhAQABAAAAACH5BAEKAAEALAAAAAABAAEAAAICTAEAOw==",www.civitatis.com/f/francia/paris/visita-guiada-museo-louvre-list.jpg,"['10', '11', '09']","[['9:00', '12:30', '15:00'], ['12:30', '15:00'], ['9:00', '12:30', '15:00']]",2 -3h,48.861687,2.333069,"Jardin du Carrousel, Quartier Saint-Germain-l'Auxerrois, Paris 1er Arrondissement, Paris, Île-de-France, France métropolitaine, 75001, France",20.25,EUR,Español
76,Entrada a la 3ª planta de la Torre Eiffel,¿Queréis disfrutar de las mejores vistas de París? Comprando las entradas para la cima de la Torre Eiffel subiréis a la tercera planta de la Dama de Hierro.,www.civitatis.com/es/paris/entrada-tercera-planta-torre-eiffel/,"www.civitatis.comdata:image/gif;base64,R0lGODlhAQABAAAAACH5BAEKAAEALAAAAAABAAEAAAICTAEAOw==",www.civitatis.com/f/francia/paris/entrada-tercera-planta-torre-eiffel-list.jpg,"['11', '12', '10', '09']","[['12:45', '14:15', '15:45', '16:15'], ['12:15', '13:45', '15:45'], ['10:15', '12:45', '13:45', '14:45', '15:15', '16:15', '16:45', '18:15', '19:45', '20:45'], ['12:45', '14:15', '14:45', '17:15', '18:15', '20:45']]",Español y otros idiomas,48.856132,2.292921,"Centre Sportif Émile Anthoine, 9, Rue Jean Rey, Quartier de Grenelle, Paris 15e Arrondissement, Paris, Île-de-France, France métropolitaine, 75015, France",19.8,EUR,Entradas
77,Free tour por París,"Este free tour por París es la forma ideal de conocer la ciudad. Veremos el exterior de la Torre Eiffel, el Pont Neuf, el Louvre y Notre Dame.",www.civitatis.com/es/paris/visita-guiada-paris/,"www.civitatis.comdata:image/gif;base64,R0lGODlhAQABAAAAACH5BAEKAAEALAAAAAABAAEAAAICTAEAOw==",www.civitatis.com/f/francia/paris/visita-guiada-paris-list.jpg,"['11', '12', '10', '09']","[['10:00', '10:30', '11:00', '16:00', '15:00'], ['10:00', '10:30', '11:00', '16:00'], ['10:00', '10:30', '11:00', '15:00', '11:30', '16:00'], ['10:00', '10:30', '11:00', '11:30', '15:00', '16:00']]",2h 45m,48.857162,2.351956,"10, Place de l'Hôtel-de-Ville - Esplanade de la Libération, Quartier Saint-Merri, Paris 4e Arrondissement, Paris, Île-de-France, France métropolitaine, 75004, France",3.0,EUR,Español
78,Excursión al Palacio de Versalles,En esta excursión al Palacio de Versalles desde París conoceremos uno de los monumentos más famosos de Francia. Visitaremos sus lujosas salas y sus jardines.,www.civitatis.com/es/paris/excursion-palacio-versalles/,"www.civitatis.comdata:image/gif;base64,R0lGODlhAQABAAAAACH5BAEKAAEALAAAAAABAAEAAAICTAEAOw==",www.civitatis.com/f/francia/paris/excursion-palacio-versalles-list.jpg,"['12', '09', '10']","[['8:15', '11:00', '14:00'], ['8:15', '11:00', '14:00'], ['8:15', '11:00']]",4 -5h,48.8558546,2.292827,"30, Rue Jean Rey, Quartier de Grenelle, Paris 15e Arrondissement, Paris, Île-de-France, France métropolitaine, 75015, France",21.8,EUR,Español
79,,"Servicio privado, puerta a puerta y al mejor precio. Un chófer os esperará en el aeropuerto, en el hotel o donde queráis para llevaros a vuestro destino. Rápido y seguro.",,"www.civitatis.comdata:image/gif;base64,R0lGODlhAQABAAAAACH5BAEKAAEALAAAAAABAAEAAAICTAEAOw==",www.civitatis.comhttps://www.civitatis.com/f/images/promos/traslados-list.jpg,"['11', '12', '10', '09']","[[], [], [], []]",Precio final,,,,,,"Seguro, sin contratiempos"
80,"Autobús turístico de París, Big Bus",El autobús turístico de París es una forma cómoda de recorrer los lugares de interés de la capital francesa. Podréis subir y bajar en cualquiera de sus paradas.,www.civitatis.com/es/paris/autobus-turistico-paris/,"www.civitatis.comdata:image/gif;base64,R0lGODlhAQABAAAAACH5BAEKAAEALAAAAAABAAEAAAICTAEAOw==",www.civitatis.com/f/francia/paris/autobus-turistico-paris-list.jpg,"['11', '12', '10', '09']","[[], [], [], []]",1 -2d,0.0,0.0,,11.28,EUR,Español
81,Tour nocturno por París,"Muchas ciudades se proclaman la Ciudad de la Luz, pero no hay ninguna como la capital francesa. En este tour nocturno por París os enamoraréis de su magia.",www.civitatis.com/es/paris/paseo-nocturno-paris/,"www.civitatis.comdata:image/gif;base64,R0lGODlhAQABAAAAACH5BAEKAAEALAAAAAABAAEAAAICTAEAOw==",www.civitatis.com/f/francia/paris/paseo-nocturno-paris-list.jpg,"['12', '09', '11', '10']","[['19:00'], ['19:00'], ['19:00'], ['19:00']]",2 horas,48.87087918786677,2.33224024610503,"Place de l'Opéra, Quartier de la Chaussée-d'Antin, Paris 9e Arrondissement, Paris, Île-de-France, France métropolitaine, 75009, France",3.0,EUR,Español
82,Free tour por Montmartre,Recorreremos uno de los barrios más artísticos de París en este free tour por Montmartre. Pasaremos junto a los cabarets más importantes de la capital francesa.,www.civitatis.com/es/paris/free-tour-montmartre/,"www.civitatis.comdata:image/gif;base64,R0lGODlhAQABAAAAACH5BAEKAAEALAAAAAABAAEAAAICTAEAOw==",www.civitatis.com/f/francia/paris/free-tour-montmartre-list.jpg,"['09', '11', '12', '10']","[['10:00', '11:00', '15:30'], ['10:00', '11:00', '15:30'], ['10:00', '11:00', '15:30'], ['10:00', '11:00', '15:30']]",2h 15m -2h 30m,48.883947,2.332377,"Boulevard de Clichy, Quartier des Grandes-Carrières, Paris 18e Arrondissement, Paris, Île-de-France, France métropolitaine, 75018, France",2.5,EUR,Español
83,Crucero por el Sena con cena gourmet,¿Buscando un plan en la ciudad del amor? En este crucero por el Sena con cena gourmet admiraréis la iluminación de París mientras disfrutáis de un menú de lujo.,www.civitatis.com/es/paris/paseo-barco-cena-paris/,"www.civitatis.comdata:image/gif;base64,R0lGODlhAQABAAAAACH5BAEKAAEALAAAAAABAAEAAAICTAEAOw==",www.civitatis.com/f/francia/paris/paseo-barco-cena-paris-list.jpg,"['10', '11', '09', '12']","[['21:15'], ['21:15'], ['21:15'], ['21:15']]",2 horas,48.860775,2.326453,"Musée d'Orsay, Promenade Édouard Glissant, Quartier Saint-Thomas-d'Aquin, Paris 7e Arrondissement, Paris, Île-de-France, France métropolitaine, 75007, France",20.0,EUR,Paseos en barco
84,Entrada a la Torre Eiffel + Crucero por el Sena,¿Queréis disfrutar de dos de los grandes atractivos de País en un día? Esta actividad combinada incluye la entrada a la Torre Eiffel y un crucero por el Sena.,www.civitatis.com/es/paris/entrada-torre-eiffel-crucero/,"www.civitatis.comdata:image/gif;base64,R0lGODlhAQABAAAAACH5BAEKAAEALAAAAAABAAEAAAICTAEAOw==",www.civitatis.com/f/francia/paris/entrada-torre-eiffel-crucero-list.jpg,"['09', '10', '11']","[['10:15', '12:15', '14:15', '15:15'], ['12:15', '13:15', '13:45'], ['10:15', '12:15', '13:15', '13:45', '14:15', '15:15', '15:45', '16:45', '17:15']]",2 horas,48.856132,2.292921,"Centre Sportif Émile Anthoine, 9, Rue Jean Rey, Quartier de Grenelle, Paris 15e Arrondissement, Paris, Île-de-France, France métropolitaine, 75015, France",17.8,EUR,Español y otros idiomas
85,Excursión a Disneyland París,"En esta excursión descubriréis la magia del complejo Disney, que alberga Disneyland y Walt Disney Studios. Podréis visitar 1 o 2 parques, según prefiráis.",www.civitatis.com/es/paris/excursion-disneyland-paris/,"www.civitatis.comdata:image/gif;base64,R0lGODlhAQABAAAAACH5BAEKAAEALAAAAAABAAEAAAICTAEAOw==",www.civitatis.com/f/francia/paris/excursion-disneyland-paris-list.jpg,"['09', '10', '12', '11']","[['8:30', '8:35'], ['8:30', '8:35'], ['8:30', '8:35'], ['8:30', '8:35']]",13h 30m -14h,0.0,0.0,,43.75,EUR,Excursiones de un día
86,Excursión al Palacio de Versalles en tren,En esta excursión a Versalles en tren desde París recorreréis los salones del palacio más famoso de Francia y descubriremos sus impresionantes jardines.,www.civitatis.com/es/paris/excursion-palacio-versalles-tren/,"www.civitatis.comdata:image/gif;base64,R0lGODlhAQABAAAAACH5BAEKAAEALAAAAAABAAEAAAICTAEAOw==",www.civitatis.com/f/francia/paris/excursion-palacio-versalles-tren-list.jpg,"['09', '12', '10']","[['9:30'], ['9:30'], ['9:30']]",6h 30m,48.86099036615656,2.31409367801399,"Rue de l'Université, Quartier des Invalides, Paris 7e Arrondissement, Faubourg Saint-Germain, Paris, Île-de-France, France métropolitaine, 75007, France",12.4,EUR,Español
87,Entrada oficial a la Ópera Garnier,Con esta entrada oficial a la Ópera Garnier descubriréis uno de los símbolos de París. Lugares secretos y un fantasma hecho historia. ¡No os lo perdáis!,www.civitatis.com/es/paris/entrada-opera-garnier/,"www.civitatis.comdata:image/gif;base64,R0lGODlhAQABAAAAACH5BAEKAAEALAAAAAABAAEAAAICTAEAOw==",www.civitatis.com/f/francia/paris/entrada-opera-garnier-list.jpg,"['11', '09']","[[], []]",Entradas,48.871503,2.331266,"Opéra, Rue Auber, Quartier de la Chaussée-d'Antin, Paris 9e Arrondissement, Paris, Île-de-France, France métropolitaine, 75009, France",3.0,EUR,
88,Excursión al Mont Saint Michel,En esta excursión al Mont Saint Michel visitaremos una de las grandes atracciones turísticas de Francia. La isla fue un centro de peregrinaje en la Edad Media.,www.civitatis.com/es/paris/excursion-mont-saint-michel/,"www.civitatis.comdata:image/gif;base64,R0lGODlhAQABAAAAACH5BAEKAAEALAAAAAABAAEAAAICTAEAOw==",www.civitatis.com/f/francia/paris/excursion-mont-saint-michel-list.jpg,"['10', '11']","[['7:15'], ['7:15']]",14 horas,48.8558546,2.292827,"30, Rue Jean Rey, Quartier de Grenelle, Paris 15e Arrondissement, Paris, Île-de-France, France métropolitaine, 75015, France",33.0,EUR,Español
89,Excursión a Brujas,Brujas es el destino más popular de Bélgica y una de las ciudades medievales más fascinantes de Europa. Acompañadnos a visitarla en esta excursión desde París.,www.civitatis.com/es/paris/excursion-brujas/,"www.civitatis.comdata:image/gif;base64,R0lGODlhAQABAAAAACH5BAEKAAEALAAAAAABAAEAAAICTAEAOw==",www.civitatis.com/f/francia/paris/excursion-brujas-list.jpg,['10'],[['7:15']],14 horas,48.831234,2.387336,"15, Avenue des Terroirs de France, Quartier de Bercy, Paris 12e Arrondissement, Paris, Île-de-France, France métropolitaine, 75012, France",34.0,EUR,Español
90,Visita guiada por la Torre Eiffel con subida a pie,"En esta visita guiada por la Torre Eiffel subiremos a pie a la primera y a la segunda planta. Allí, tomaremos el ascensor panorámico hasta la cima. ¿Vamos?",www.civitatis.com/es/paris/subida-torre-eiffel/,"www.civitatis.comdata:image/gif;base64,R0lGODlhAQABAAAAACH5BAEKAAEALAAAAAABAAEAAAICTAEAOw==",www.civitatis.com/f/francia/paris/subida-torre-eiffel-list.jpg,['09'],[['9:15']],2 horas,48.857358,2.293079,"Champ de Mars, Avenue de la Bourdonnais, Quartier du Gros-Caillou, Paris 7e Arrondissement, Paris, Île-de-France, France métropolitaine, 75007, France",17.25,EUR,Español
91,Crucero por el Sena desde la Torre Eiffel con cena,"Si buscáis una romántica velada en París, este crucero nocturno por el río Sena es perfecto. Zarparéis desde la Torre Eiffel y disfrutaréis de una rica cena.",www.civitatis.com/es/paris/crucero-sena-torre-eiffel-cena/,"www.civitatis.comdata:image/gif;base64,R0lGODlhAQABAAAAACH5BAEKAAEALAAAAAABAAEAAAICTAEAOw==",www.civitatis.com/f/francia/paris/crucero-sena-torre-eiffel-cena-list.jpg,"['10', '11', '12', '09']","[['20:30'], ['20:30'], ['20:30'], ['20:30']]",2h 30m,48.860385,2.293544,"Bateaux Parisiens, Port de la Bourdonnais, Quartier du Gros-Caillou, Paris 7e Arrondissement, Paris, Île-de-France, France métropolitaine, 75007, France",21.85,EUR,Paseos en barco
92,Entrada al Arco del Triunfo,Reservando esta entrada al Arco del Triunfo visitaréis uno de los mejores miradores de París. Podréis subir a su terraza y acceder a su exposición.,www.civitatis.com/es/paris/entrada-arco-triunfo/,"www.civitatis.comdata:image/gif;base64,R0lGODlhAQABAAAAACH5BAEKAAEALAAAAAABAAEAAAICTAEAOw==",www.civitatis.com/f/francia/paris/entrada-arco-triunfo-list.jpg,"['11', '12', '10', '09']","[[], [], [], []]",Entradas,48.873653,2.295311,"Place Charles de Gaulle, Quartier du Faubourg-du-Roule, Paris 8e Arrondissement, Paris, Île-de-France, France métropolitaine, 75008, France",1.5,EUR,
93,Entrada a la 2ª planta de la Torre Eiffel,Con esta entrada a la segunda planta de la Torre Eiffel contemplaréis unas espectaculares vistas de París desde su monumento más icónico.,www.civitatis.com/es/paris/entrada-torre-eiffel/,"www.civitatis.comdata:image/gif;base64,R0lGODlhAQABAAAAACH5BAEKAAEALAAAAAABAAEAAAICTAEAOw==",www.civitatis.com/f/francia/paris/entrada-torre-eiffel-list.jpg,"['09', '10', '11']","[['10:15', '12:15', '14:15', '15:15'], ['12:15', '13:15', '13:45'], ['10:15', '12:15', '13:15', '13:45', '14:15', '15:15', '15:45', '16:45', '17:15']]",Español y otros idiomas,48.856132,2.292921,"Centre Sportif Émile Anthoine, 9, Rue Jean Rey, Quartier de Grenelle, Paris 15e Arrondissement, Paris, Île-de-France, France métropolitaine, 75015, France",15.8,EUR,Entradas
